DEPARTEMEN,JABATAN,NAMA LENGKAP,NRP,ASAL DEPARTEMEN
BPH,Ketua BEM FTEIC 2026,Ilman Afif Al Arif,5022231021,Teknik Elektro
BPH,Sekretaris Jendral 1,Muhammad Mirza Zaidan 'Ilma,5023231046,Teknik Biomedik
BPH,Sekretaris Jendral 2,Bramantio Ramayudha,5022231203,Teknik Elektro
BPH,Sekretaris Umum 1,ERIC KRIS WIJAYADI,5023231037,Teknik Biomedik
BPH,Sekretaris Umum 2,Ichsan Ramadhan,5026241126,Sistem Informasi
BPH,Bendahara 1,Sarah Sofhi Susanty,5048231075,teknik elektro
BPH,Bendahara 2,Thalia Harnum Fathina,5026241201,Sistem Informasi
BPS,Kabiro Keorganisasian,Achmad Najwa Maruf ,5025231265,Teknik Informatika
BPS,Wakabiro Keorganisasian,Habil Lirobi,5048231043,Teknik Elektro
BPS,Asisten Biro Keorganisasian ,Afsal Murtaza ,5025241190,Teknik Informatika 
BPS,Asisten Biro Keorganisasian ,DIEN FADILLAH PRIHARDINI,5024241051,Teknik Komputer
BPS,Kabiro Personalia,Faaqih Mustafti Al Qalbi,5022231126,Teknik Elektro
BPS,Wakabiro Personalia,Thoriq Hilmuddin,5022231191,Teknik Elektro
BPS,Asisten Biro Personalia,Yoshio Andhika Pratama,5022241111,Teknik Elektro
BPS,Asisten Biro Personalia,Zulkarnaen Ramdhani,5025241043,Teknik Informatika
BPS,Asisten Biro Personalia,Azizah Muthiah Aini,5023241110,Teknik Biomedik
DAGRI,Kadep Dagri,Hasan,5027231073,Teknologi Informasi
DAGRI,Wakadep Dagri,Aqila Zahira Naia Puteri Arifin,5025231138,Teknik Informatika
DAGRI,Sekretaris Departemen Dagri,Emmanuela Hosanna Sianturi,5048241005,Teknik Elektro
DAGRI,Kabiro Internal,Zinedine Zidane Dhanardi,5022231028,Teknik Elektro
DAGRI,Kabiro Minat Bakat,Alila Syifa Ramadhani,5023231034,Teknik Biomedik
DAGRI,STAFF,Muhammad Assaifunnadhif Alkhifdzi,5023241031,Teknik Biomedik
DAGRI,STAFF,Naufal Nendra Prayata,5048241002,Teknik Elektro
DAGRI,STAFF,Mayda Salma Laila Zahra ,5022241214,Teknik Elektro
DAGRI,STAFF,Nashwa Nurcinta M,5023241060,Teknik Biomedik
DAGRI,STAFF,Nafis Faqih Allmuzaky Maolidi,5027241095,Teknologi Informasi
DAGRI,STAFF,Nabila Hadi Amadea,5048241047,Teknik Elektro
DAGRI,STAFF,Fathur Ramadhani Nur Rofiq,5026241091,Sistem Informasi
DAGRI,STAFF,Ahmad 'Aaqila Akbar,5026241128,Sistem Informasi
DAGRI,STAFF,Fikri Aulia Husein,5048241070,Teknik Elektro
DAGRI,STAFF,Jeff Rehobot Hasian L Gaol,5024241073,Teknik Komputer
PSDM,Kadep PSDM,Jeremia Kevin Alexander Jagardo Malau,5054231027,Teknik Informatika
PSDM,Wakadep PSDM,Annisa Retno Kurniasari,5022231008,Teknik Elektro
PSDM,Sekretaris Departemen PSDM,Alya Hasna Fadilah,5024241044,Teknik Komputer
PSDM,Kabiro Event,Missy Tiffaini Novlensia Sinaga,5026231014,Sistem Informasi
PSDM,Kabiro Kaderisasi,Theo Kawalisa Pinem,5024231008,Teknik Komputer
PSDM,STAFF,Fika Arka Nuriyah,5027241071,Teknologi Informasi
PSDM,STAFF,Syaira Azzahra Salsabila,5023241028,Teknik Biomedik
PSDM,STAFF,Andrya Sausan Salsabila,5048241043,Teknik Elektro
PSDM,STAFF,Munazalaty Zahwa Ahyari Suudiyah,5023241061,Teknik Biomedik
PSDM,STAFF,Himawan Rakha Bhadra,5025241028,Teknik Informatika
PSDM,STAFF,Mochammad Irfan Sandy,5025241127,Teknik Informatika
PSDM,STAFF,Justin Issac Siregar,5022241171,Teknik Elektro
PSDM,STAFF,Rasya Izza Maira,5022241075,Teknik Elektro
RISTEK,Kadep Ristek,KEINDRA DANTE HIDAYAT,5022231236,Teknik Elektro
RISTEK,Wakadep Ristek,JANICE KAYLEEN ELIANA SEMBIRING BRAHMANA,5048231070,Teknik Elektro
RISTEK,Sekretaris Departemen Ristek,M. Rafli Al Mutawakkil,5048241080,Teknik Elektro
RISTEK,Kabiro Pengembangan,Alifia Zabrina Putri,5023231016,Teknik Biomedik
RISTEK,Kabiro Kajian,Einstein Pio Hutasoit,5022231159,Teknik Elektro
RISTEK,STAFF,Alvia Marisa ,5023241064,Teknik Biomedik
RISTEK,STAFF,Nasywa Raida,5023241065,Teknik Biomedik
RISTEK,STAFF,Azka Razaqqi Irnantyo,5022241200,Teknik Elektro
RISTEK,STAFF,Mohammad Farrel Firzatullah ,5022241183,Teknik Elektro
RISTEK,STAFF,Elvaretta Khiara Salsabilla,5023241086,Teknik Biomedik
RISTEK,STAFF,Asyifa Abida Rosjadi,5048241054,Teknik Elektro
RISTEK,STAFF,Charity Almas Kolibri Harianja ,5048241075,Teknik Elektro
RISTEK,STAFF,Muhammad Zaki Firdausi Fuady,5022241110,Teknik Elektro
RISTEK,STAFF,Faris Aribowo Suwardi,5022241155,Teknik Elektro
RISTEK,STAFF,Viola Herlina Wati,5048241031,Teknik Elektro
SOSMAS,Kadep Sosmas,Nafadiya Mumtaza ,5051231012,Sistem Informasi 
SOSMAS,Wakadep Sosmas,Keisha Adisti Athaillah ,5026231137,Sistem Informasi 
SOSMAS,Kabiro Kajian,Efan Ramdhani,5054231017,Teknik Informatika 
SOSMAS,Kabiro Pengmas,M. Hidayaturrahman,5048231057,Teknik Elektro
SOSMAS,Kabiro Edukasi,ALIF AS`AD RAMADHAN,5054231007,Teknik Informatika
SOSMAS,Sekretaris Departemen,Ajeng Nadya Arofani,5048241058,Teknik Elektro
SOSMAS,STAFF,Muhammad Sandhika Setiawan,5026241043,Sistem Informasi
SOSMAS,STAFF,Annisa Fathinatuzzahra,5048241030,Teknik Elektro
SOSMAS,STAFF,Nayara Aldevida,5022241153,Teknik Elektro
SOSMAS,STAFF,Riyannizaar Dwi Amarullah ,5025241121,Teknik Informatika
SOSMAS,STAFF,Muhammad Agha Avicenna,5022241192,Teknik Elektro
SOSMAS,STAFF,Sylvina Syah Fitri,5023241084,Teknik Biomedik
SOSMAS,STAFF,Muhammad Luthfi Irfani,5022241174,Teknik Elektro
SOSMAS,STAFF,Ernest Hamonangan Hutapea,5022241151,Teknik Elektro
SOSMAS,STAFF,Theresia Ivona Priska Hamananerming Mahal,5048241077,Teknik Elektro
SOSMAS,STAFF,Swinsty Quen Sella Pratasis,5022241255,Teknik Elektro
SOSMAS,STAFF,Syahdu Szenovera Maharani,5026241038,Sistem Informasi
SOSMAS,STAFF,Gabriel Nathan Simanungkalit,5023241075,Teknik Biomedik
LUGRI,Kadep Lugri,Muhammad Rizqi Fadhlurrahman,5048231009,Teknik Elektro
LUGRI,Wakadep Lugri,Widya Firdausi Ahla Samariansyah,5048231059,Teknik Elektro
LUGRI,Kabiro Medfo,Muhamad Razka Pramata,5022231247,Teknik Elektro
LUGRI,Kabiro Hublu,Razzan Yozha Putra,5054231026,Teknik Informatika
LUGRI,Sekretaris Departemen,Nindita Putri Aisyah,5048241003,Teknik Elektro
LUGRI,STAFF,Darlene Syarafina Wyanetta,5023241029,Teknik Biomedik
LUGRI,STAFF,Bagas Aryo Dananjoyo,5024241031,Teknik Komputer
LUGRI,STAFF,Tabina Fayola Zalianty ,5048241032,Teknik Elektro
LUGRI,STAFF,Dzaky Haady,5024241076,Teknik Komputer
LUGRI,STAFF,Iqbal Aflah Al Farisi,5022241189,Teknik Elektro
LUGRI,STAFF,Muhammad Faiz Alfangie,5022241150,Teknik Elektro
LUGRI,STAFF,Elmira Araminta Tansy,5024241099,Teknik Komputer
LUGRI,STAFF,Amellya Rashida Shabirah Putri,5023241003,Teknik Biomedik
LUGRI,STAFF,"Sinaga, Nobel Hans Valentino",5022241159,Teknik Elektro
LUGRI,STAFF,Adelia Zahrasanti Bintoro,5048241028,Teknik Elektro
LUGRI,STAFF,Valerine Marcella Rau,5048241049,Teknik Elektro
LUGRI,STAFF,Naufal Akmal Muzakki,5022241135,Teknik Elektro
LUGRI,STAFF,Chenata Andara Imansyah,5048241040,Teknik Elektro
BAKOR,Kabakor,Nawra Afroza Jannatul Firdaus ,5051231034,Sistem Informasi 
BAKOR,Wakabakor 1,Muhammad Arrayyan,5027231014,Teknologi Informasi
BAKOR,Wakabakor 2,Muhammad Rizqy Aulia,5026241084,Sistem Informasi 
BAKOR,Sekretaris Bendahara 1,Indhira Ayu Puspita Ningrum,5025231316,Teknik Informatika
BAKOR,Sekretaris bendahara 2,Eilada Kaylie Aruneendria,5023241078,Teknik Biomedik
BAKOR,Kabiro Material Research,Zonandhita Ismarina,5026241039,Sistem Informasi 
BAKOR,Kabiro Human Resource,Hanun Khoirun Nisa,5048241010,Teknik Elektro 
BAKOR,STAFF,Rahmat Rafif Danandra,5022241213,TEKNIK ELEKTRO
BAKOR,STAFF,Moh. Fawwaz Azalia Alim,5023241012,TEKNIK BIOMEDIK
BAKOR,STAFF,Sofyanul Hajar Bayhaqqi,5022241129,TEKNIK ELEKTRO
BAKOR,STAFF,Naufal Dzaki Hidayat,5024241060,TEKNIK KOMPUTER
BAKOR,STAFF,Rafi Putra Rosadi,5025241211,TEKNIK INFORMATIKA
BAKOR,STAFF,Putri Lenggo Genni,5026241040,SISTEM INFORMASI
KWU,Kadep KWU,Moh. Rafi Agustian,5022231158,Teknik Elektro
KWU,Wakadep KWU,Ahmad Rifqi Radifan ,5022231168,Teknik Elektro
KWU,Kabiro Ekraf,Astrid Meilendra,5026231183,Sistem Informasi
KWU,Kabiro Event,Ramandita Ahmad Saguna,5054231005,Teknik Informatika
KWU,Sekretaris Departemen,Brena Sio Artha Josiana ,5023241093,Teknik Biomedik
KWU,STAFF,Nabil Athalafirja Dharmawan,5026241182,Sistem Informasi
KWU,STAFF,Nayaka Shafarrel Razaan Nalaprassya ,5024241057,Teknik Komputer
KWU,STAFF,Oscaryavat Viryavan,5027241053,Teknologi Informasi
KWU,STAFF,Aisyah Salma Alifia ,5048241079,Teknik Elektro
KWU,STAFF,Abdul mahdy mappincara,5022241201,Teknik Elektro
KWU,STAFF,Zevanya Maghviranov Pramono,5048241056,Teknik Elektro
KWU,STAFF,Denis Zaidan Zaki Arrafi,5022241138,Teknik Elektro
KWU,STAFF,Nabilla Salsa Pramuditya,5023241049,Teknik Biomedik
KWU,STAFF,Aurelyo Nouvabryano Akhmad,5026241175,Sistem Informasi
KWU,STAFF,Firdaus Ahnaf Hasbullah,5022241084,Teknik Elektro
